{"Z":{"Co-sp-high.psp8":27,"Co-sp.psp8":27,"Co-sp.smc.psp8":27},"high_b0_GPa":{"Co-sp-high.psp8":211.3727555577,"Co-sp.psp8":210.8693005842,"Co-sp.smc.psp8":209.4650404724},"high_b1":{"Co-sp-high.psp8":4.7140980218,"Co-sp.psp8":4.7363120335,"Co-sp.smc.psp8":4.7634356946},"high_dfact_meV":{"Co-sp-high.psp8":0.6930480738,"Co-sp.psp8":1.2282147812,"Co-sp.smc.psp8":2.4313980135},"high_dfactprime_meV":{"Co-sp-high.psp8":0.9046646951,"Co-sp.psp8":1.6052886389,"Co-sp.smc.psp8":3.1914517234},"high_ecut":{"Co-sp-high.psp8":50.0,"Co-sp.psp8":50.0,"Co-sp.smc.psp8":66.0},"high_ecut_deltafactor":{"Co-sp-high.psp8":50.0,"Co-sp.psp8":50.0,"Co-sp.smc.psp8":66.0},"high_ecut_gbrv_bcc":{"Co-sp-high.psp8":50.0,"Co-sp.psp8":50.0,"Co-sp.smc.psp8":66.0},"high_ecut_gbrv_fcc":{"Co-sp-high.psp8":50.0,"Co-sp.psp8":50.0,"Co-sp.smc.psp8":66.0},"high_ecut_hint":{"Co-sp-high.psp8":50.0,"Co-sp.psp8":50.0,"Co-sp.smc.psp8":66.0},"high_ecut_phonon":{"Co-sp-high.psp8":50.0,"Co-sp.psp8":50.0,"Co-sp.smc.psp8":66.0},"high_gbrv_bcc_a0_rel_err":{"Co-sp-high.psp8":-0.052390232,"Co-sp.psp8":-0.0487848989,"Co-sp.smc.psp8":-0.0507116626},"high_gbrv_fcc_a0_rel_err":{"Co-sp-high.psp8":-0.0294468374,"Co-sp.psp8":-0.0239148793,"Co-sp.smc.psp8":-0.0262940301},"high_phonon":{"Co-sp-high.psp8":[0.0,0.0,0.0,21.6218445208,21.9873151752,33.0551373895],"Co-sp.psp8":[-0.0006073407,-0.0003915441,0.0,21.5685074873,21.9393278997,32.9664010667],"Co-sp.smc.psp8":[0.0,0.0,0.0,21.458660573,21.8251924713,32.72441023]},"high_v0":{"Co-sp-high.psp8":10.8729643552,"Co-sp.psp8":10.8850163261,"Co-sp.smc.psp8":10.9113247809},"low_b0_GPa":{"Co-sp-high.psp8":211.0896372866,"Co-sp.psp8":211.1317222645,"Co-sp.smc.psp8":208.6821259905},"low_b1":{"Co-sp-high.psp8":4.8332083959,"Co-sp.psp8":4.679411518,"Co-sp.smc.psp8":7.0092985211},"low_dfact_meV":{"Co-sp-high.psp8":0.4871390406,"Co-sp.psp8":1.6011226327,"Co-sp.smc.psp8":2.3127237765},"low_dfactprime_meV":{"Co-sp-high.psp8":0.6370840524,"Co-sp.psp8":2.0884675399,"Co-sp.smc.psp8":3.0502496454},"low_ecut":{"Co-sp-high.psp8":46.0,"Co-sp.psp8":38.0,"Co-sp.smc.psp8":38.0},"low_ecut_deltafactor":{"Co-sp-high.psp8":46.0,"Co-sp.psp8":38.0,"Co-sp.smc.psp8":38.0},"low_ecut_gbrv_bcc":{"Co-sp-high.psp8":46.0,"Co-sp.psp8":38.0,"Co-sp.smc.psp8":38.0},"low_ecut_gbrv_fcc":{"Co-sp-high.psp8":46.0,"Co-sp.psp8":38.0,"Co-sp.smc.psp8":38.0},"low_ecut_hint":{"Co-sp-high.psp8":46.0,"Co-sp.psp8":38.0,"Co-sp.smc.psp8":38.0},"low_ecut_phonon":{"Co-sp-high.psp8":46.0,"Co-sp.psp8":38.0,"Co-sp.smc.psp8":38.0},"low_gbrv_bcc_a0_rel_err":{"Co-sp-high.psp8":-0.0736245702,"Co-sp.psp8":-0.0612161723,"Co-sp.smc.psp8":-0.0652230851},"low_gbrv_fcc_a0_rel_err":{"Co-sp-high.psp8":-0.0392645477,"Co-sp.psp8":0.1623709448,"Co-sp.smc.psp8":0.1654386584},"low_phonon":{"Co-sp-high.psp8":[0.0,0.0,0.0,21.5754790439,21.946274966,32.8555963116],"Co-sp.psp8":[0.0,0.0,0.0,21.6911736846,22.0415665112,33.3707622309],"Co-sp.smc.psp8":[0.0,0.0,0.0,21.6732549884,21.9805694731,33.2933730552]},"low_v0":{"Co-sp-high.psp8":10.867021934,"Co-sp.psp8":10.8934296049,"Co-sp.smc.psp8":10.8999468977},"normal_b0_GPa":{"Co-sp-high.psp8":211.0761739667,"Co-sp.psp8":211.7216890513,"Co-sp.smc.psp8":208.0040264535},"normal_b1":{"Co-sp-high.psp8":4.7500454558,"Co-sp.psp8":4.7196489598,"Co-sp.smc.psp8":4.9472543994},"normal_dfact_meV":{"Co-sp-high.psp8":0.6524841838,"Co-sp.psp8":1.2449546709,"Co-sp.smc.psp8":2.3412658419},"normal_dfactprime_meV":{"Co-sp-high.psp8":0.8530090703,"Co-sp.psp8":1.620548839,"Co-sp.smc.psp8":3.0954422764},"normal_ecut":{"Co-sp-high.psp8":48.0,"Co-sp.psp8":42.0,"Co-sp.smc.psp8":54.0},"normal_ecut_deltafactor":{"Co-sp-high.psp8":48.0,"Co-sp.psp8":42.0,"Co-sp.smc.psp8":54.0},"normal_ecut_gbrv_bcc":{"Co-sp-high.psp8":48.0,"Co-sp.psp8":42.0,"Co-sp.smc.psp8":54.0},"normal_ecut_gbrv_fcc":{"Co-sp-high.psp8":48.0,"Co-sp.psp8":42.0,"Co-sp.smc.psp8":54.0},"normal_ecut_hint":{"Co-sp-high.psp8":48.0,"Co-sp.psp8":42.0,"Co-sp.smc.psp8":54.0},"normal_ecut_phonon":{"Co-sp-high.psp8":48.0,"Co-sp.psp8":42.0,"Co-sp.smc.psp8":54.0},"normal_gbrv_bcc_a0_rel_err":{"Co-sp-high.psp8":-0.0555793412,"Co-sp.psp8":-0.0504215112,"Co-sp.smc.psp8":-0.0531887499},"normal_gbrv_fcc_a0_rel_err":{"Co-sp-high.psp8":-0.0259902874,"Co-sp.psp8":-0.0206752826,"Co-sp.smc.psp8":-0.0228536766},"normal_phonon":{"Co-sp-high.psp8":[-0.0004765527,-0.0003037071,0.0,21.6045816189,21.9736550605,33.0019663454],"Co-sp.psp8":[-0.0004822899,-0.0003070092,0.0,21.6101980485,21.9832253042,33.0705662441],"Co-sp.smc.psp8":[0.0,0.0,0.0,21.4704485444,21.8379001875,32.7308049052]},"normal_v0":{"Co-sp-high.psp8":10.8717230625,"Co-sp.psp8":10.8854733687,"Co-sp.smc.psp8":10.9088138783},"symbol":{"Co-sp-high.psp8":"Co","Co-sp.psp8":"Co","Co-sp.smc.psp8":"Co"},"low_dfact_abserr":{"Co-sp-high.psp8":-0.2059090332,"Co-sp.psp8":0.3729078515,"Co-sp.smc.psp8":-0.118674237},"normal_dfact_abserr":{"Co-sp-high.psp8":-0.04056389,"Co-sp.psp8":0.0167398897,"Co-sp.smc.psp8":-0.0901321716},"low_dfact_rerr":{"Co-sp-high.psp8":-29.7106421607,"Co-sp.psp8":30.3617785133,"Co-sp.smc.psp8":-4.8809054024},"normal_dfact_rerr":{"Co-sp-high.psp8":-5.8529691527,"Co-sp.psp8":1.3629448207,"Co-sp.smc.psp8":-3.7070101678},"low_v0_abserr":{"Co-sp-high.psp8":-0.0059424211,"Co-sp.psp8":0.0084132788,"Co-sp.smc.psp8":-0.0113778832},"normal_v0_abserr":{"Co-sp-high.psp8":-0.0012412927,"Co-sp.psp8":0.0004570426,"Co-sp.smc.psp8":-0.0025109026},"low_v0_rerr":{"Co-sp-high.psp8":-0.0546531833,"Co-sp.psp8":0.0772922938,"Co-sp.smc.psp8":-0.1042759095},"normal_v0_rerr":{"Co-sp-high.psp8":-0.0114163223,"Co-sp.psp8":0.0041988236,"Co-sp.smc.psp8":-0.0230118953},"low_b0_GPa_abserr":{"Co-sp-high.psp8":-0.2831182711,"Co-sp.psp8":0.2624216803,"Co-sp.smc.psp8":-0.7829144819},"normal_b0_GPa_abserr":{"Co-sp-high.psp8":-0.296581591,"Co-sp.psp8":0.8523884671,"Co-sp.smc.psp8":-1.4610140189},"low_b0_GPa_rerr":{"Co-sp-high.psp8":-0.1339426504,"Co-sp.psp8":0.124447551,"Co-sp.smc.psp8":-0.3737685678},"normal_b0_GPa_rerr":{"Co-sp-high.psp8":-0.1403121184,"Co-sp.psp8":0.4042259659,"Co-sp.smc.psp8":-0.6974977856},"low_b1_abserr":{"Co-sp-high.psp8":0.1191103741,"Co-sp.psp8":-0.0569005155,"Co-sp.smc.psp8":2.2458628266},"normal_b1_abserr":{"Co-sp-high.psp8":0.035947434,"Co-sp.psp8":-0.0166630737,"Co-sp.smc.psp8":0.1838187048},"low_b1_rerr":{"Co-sp-high.psp8":2.5266842887,"Co-sp.psp8":-1.2013675433,"Co-sp.smc.psp8":47.1479614835},"normal_b1_rerr":{"Co-sp-high.psp8":0.7625516871,"Co-sp.psp8":-0.35181537,"Co-sp.smc.psp8":3.8589521638},"low_abs_fcc":{"Co-sp-high.psp8":0.0392645477,"Co-sp.psp8":0.1623709448,"Co-sp.smc.psp8":0.1654386584},"low_abs_bcc":{"Co-sp-high.psp8":0.0736245702,"Co-sp.psp8":0.0612161723,"Co-sp.smc.psp8":0.0652230851},"normal_abs_fcc":{"Co-sp-high.psp8":0.0259902874,"Co-sp.psp8":0.0206752826,"Co-sp.smc.psp8":0.0228536766},"normal_abs_bcc":{"Co-sp-high.psp8":0.0555793412,"Co-sp.psp8":0.0504215112,"Co-sp.smc.psp8":0.0531887499},"high_abs_fcc":{"Co-sp-high.psp8":0.0294468374,"Co-sp.psp8":0.0239148793,"Co-sp.smc.psp8":0.0262940301},"high_abs_bcc":{"Co-sp-high.psp8":0.052390232,"Co-sp.psp8":0.0487848989,"Co-sp.smc.psp8":0.0507116626}}