{"Z":{"Mn-sp-high.psp8":25,"Mn-sp.psp8":25,"Mn-sp-smc.psp8":25},"high_b0_GPa":{"Mn-sp-high.psp8":119.9551757879,"Mn-sp.psp8":121.0278384521,"Mn-sp-smc.psp8":121.5891699063},"high_b1":{"Mn-sp-high.psp8":3.2964490706,"Mn-sp.psp8":3.1619855175,"Mn-sp-smc.psp8":3.7766203701},"high_dfact_meV":{"Mn-sp-high.psp8":1.0698437403,"Mn-sp.psp8":8.0124411809,"Mn-sp-smc.psp8":11.6934755125},"high_dfactprime_meV":{"Mn-sp-high.psp8":2.3487639254,"Mn-sp.psp8":16.9189841362,"Mn-sp-smc.psp8":24.3023467245},"high_ecut":{"Mn-sp-high.psp8":65.0,"Mn-sp.psp8":50.0,"Mn-sp-smc.psp8":67.0},"high_ecut_deltafactor":{"Mn-sp-high.psp8":65.0,"Mn-sp.psp8":50.0,"Mn-sp-smc.psp8":67.0},"high_ecut_gbrv_bcc":{"Mn-sp-high.psp8":65.0,"Mn-sp.psp8":50.0,"Mn-sp-smc.psp8":67.0},"high_ecut_gbrv_fcc":{"Mn-sp-high.psp8":65.0,"Mn-sp.psp8":50.0,"Mn-sp-smc.psp8":67.0},"high_ecut_hint":{"Mn-sp-high.psp8":65.0,"Mn-sp.psp8":50.0,"Mn-sp-smc.psp8":67.0},"high_ecut_phonon":{"Mn-sp-high.psp8":65.0,"Mn-sp.psp8":50.0,"Mn-sp-smc.psp8":null},"high_gbrv_bcc_a0_rel_err":{"Mn-sp-high.psp8":-0.0464377583,"Mn-sp.psp8":-0.0555042063,"Mn-sp-smc.psp8":-0.0438326542},"high_gbrv_fcc_a0_rel_err":{"Mn-sp-high.psp8":-0.0382520205,"Mn-sp.psp8":-0.0463510446,"Mn-sp-smc.psp8":-0.0381197642},"high_phonon":{"Mn-sp-high.psp8":[0.0,0.0,0.0,19.3947015974,19.3947015974,19.3947015974,19.3947015974,19.3947015974,19.3947015974,27.6475823433,27.6475823433,27.6475823433],"Mn-sp.psp8":[0.0,0.0,0.0,17.5234019408,17.5234019408,17.5234019408,17.5234019408,17.5234019408,17.5234019408,24.4997340836,24.4997340836,24.4997340836],"Mn-sp-smc.psp8":null},"high_v0":{"Mn-sp-high.psp8":11.3915611341,"Mn-sp.psp8":11.7388769163,"Mn-sp-smc.psp8":11.8719418033},"low_b0_GPa":{"Mn-sp-high.psp8":120.0073730105,"Mn-sp.psp8":119.2223257391,"Mn-sp-smc.psp8":121.5411311445},"low_b1":{"Mn-sp-high.psp8":3.1739153893,"Mn-sp.psp8":3.3193038717,"Mn-sp-smc.psp8":3.6471677181},"low_dfact_meV":{"Mn-sp-high.psp8":0.9961247148,"Mn-sp.psp8":7.6708100499,"Mn-sp-smc.psp8":11.8058081453},"low_dfactprime_meV":{"Mn-sp-high.psp8":2.1853129377,"Mn-sp.psp8":16.4586234344,"Mn-sp-smc.psp8":24.5347597227},"low_ecut":{"Mn-sp-high.psp8":61.0,"Mn-sp.psp8":42.0,"Mn-sp-smc.psp8":59.0},"low_ecut_deltafactor":{"Mn-sp-high.psp8":61.0,"Mn-sp.psp8":42.0,"Mn-sp-smc.psp8":59.0},"low_ecut_gbrv_bcc":{"Mn-sp-high.psp8":61.0,"Mn-sp.psp8":42.0,"Mn-sp-smc.psp8":59.0},"low_ecut_gbrv_fcc":{"Mn-sp-high.psp8":61.0,"Mn-sp.psp8":42.0,"Mn-sp-smc.psp8":59.0},"low_ecut_hint":{"Mn-sp-high.psp8":61.0,"Mn-sp.psp8":42.0,"Mn-sp-smc.psp8":59.0},"low_ecut_phonon":{"Mn-sp-high.psp8":61.0,"Mn-sp.psp8":42.0,"Mn-sp-smc.psp8":null},"low_gbrv_bcc_a0_rel_err":{"Mn-sp-high.psp8":-0.0472207711,"Mn-sp.psp8":-0.0658013097,"Mn-sp-smc.psp8":-0.0538654386},"low_gbrv_fcc_a0_rel_err":{"Mn-sp-high.psp8":-0.0408345427,"Mn-sp.psp8":-0.0816478108,"Mn-sp-smc.psp8":-0.0511294547},"low_phonon":{"Mn-sp-high.psp8":[0.0,0.0,0.0,19.4021357475,19.4021357475,19.4021357475,19.4021357475,19.4021357475,19.4021357475,27.6411604567,27.6411604567,27.6411604567],"Mn-sp.psp8":[0.0,0.0,0.0,17.1309920164,17.1309920164,17.1309920164,17.1309920164,17.1309920164,17.1309920164,23.9967370952,23.9967370952,23.9967370952],"Mn-sp-smc.psp8":null},"low_v0":{"Mn-sp-high.psp8":11.3949757225,"Mn-sp.psp8":11.7276604877,"Mn-sp-smc.psp8":11.8771404732},"normal_b0_GPa":{"Mn-sp-high.psp8":120.0744446606,"Mn-sp.psp8":120.5693488964,"Mn-sp-smc.psp8":121.0156222917},"normal_b1":{"Mn-sp-high.psp8":3.2483416189,"Mn-sp.psp8":3.1300726174,"Mn-sp-smc.psp8":3.9425091805},"normal_dfact_meV":{"Mn-sp-high.psp8":1.0524098323,"Mn-sp.psp8":7.9980893404,"Mn-sp-smc.psp8":11.6816824591},"normal_dfactprime_meV":{"Mn-sp-high.psp8":2.3080096874,"Mn-sp.psp8":16.9524299461,"Mn-sp-smc.psp8":24.3937522605},"normal_ecut":{"Mn-sp-high.psp8":63.0,"Mn-sp.psp8":44.0,"Mn-sp-smc.psp8":65.0},"normal_ecut_deltafactor":{"Mn-sp-high.psp8":63.0,"Mn-sp.psp8":44.0,"Mn-sp-smc.psp8":65.0},"normal_ecut_gbrv_bcc":{"Mn-sp-high.psp8":63.0,"Mn-sp.psp8":44.0,"Mn-sp-smc.psp8":65.0},"normal_ecut_gbrv_fcc":{"Mn-sp-high.psp8":63.0,"Mn-sp.psp8":44.0,"Mn-sp-smc.psp8":65.0},"normal_ecut_hint":{"Mn-sp-high.psp8":63.0,"Mn-sp.psp8":44.0,"Mn-sp-smc.psp8":65.0},"normal_ecut_phonon":{"Mn-sp-high.psp8":63.0,"Mn-sp.psp8":44.0,"Mn-sp-smc.psp8":null},"normal_gbrv_bcc_a0_rel_err":{"Mn-sp-high.psp8":-0.0477549838,"Mn-sp.psp8":-0.0697355923,"Mn-sp-smc.psp8":-0.0438259278},"normal_gbrv_fcc_a0_rel_err":{"Mn-sp-high.psp8":-0.0379576128,"Mn-sp.psp8":-0.0613326303,"Mn-sp-smc.psp8":-0.0379386572},"normal_phonon":{"Mn-sp-high.psp8":[0.0,0.0,0.0,19.4075208804,19.4075208804,19.4075208804,19.4075208804,19.4075208804,19.4075208804,27.6594192953,27.6594192953,27.6594192953],"Mn-sp.psp8":[0.0,0.0,0.0,17.4042786656,17.4042786656,17.4042786656,17.4042786656,17.4042786656,17.4042786656,24.3245526365,24.3245526365,24.3245526365],"Mn-sp-smc.psp8":null},"normal_v0":{"Mn-sp-high.psp8":11.3924711519,"Mn-sp.psp8":11.7392035132,"Mn-sp-smc.psp8":11.8715275356},"symbol":{"Mn-sp-high.psp8":"Mn","Mn-sp.psp8":"Mn","Mn-sp-smc.psp8":"Mn"},"low_dfact_abserr":{"Mn-sp-high.psp8":-0.0737190256,"Mn-sp.psp8":-0.341631131,"Mn-sp-smc.psp8":0.1123326329},"normal_dfact_abserr":{"Mn-sp-high.psp8":-0.017433908,"Mn-sp.psp8":-0.0143518405,"Mn-sp-smc.psp8":-0.0117930534},"low_dfact_rerr":{"Mn-sp-high.psp8":-6.890634845,"Mn-sp.psp8":-4.2637583635,"Mn-sp-smc.psp8":0.9606436746},"normal_dfact_rerr":{"Mn-sp-high.psp8":-1.6295751783,"Mn-sp.psp8":-0.1791194485,"Mn-sp-smc.psp8":-0.100851568},"low_v0_abserr":{"Mn-sp-high.psp8":0.0034145883,"Mn-sp.psp8":-0.0112164286,"Mn-sp-smc.psp8":0.0051986699},"normal_v0_abserr":{"Mn-sp-high.psp8":0.0009100177,"Mn-sp.psp8":0.0003265969,"Mn-sp-smc.psp8":-0.0004142677},"low_v0_rerr":{"Mn-sp-high.psp8":0.0299747181,"Mn-sp.psp8":-0.0955494181,"Mn-sp-smc.psp8":0.0437895498},"normal_v0_rerr":{"Mn-sp-high.psp8":0.0079885252,"Mn-sp.psp8":0.002782182,"Mn-sp-smc.psp8":-0.0034894686},"low_b0_GPa_abserr":{"Mn-sp-high.psp8":0.0521972226,"Mn-sp.psp8":-1.805512713,"Mn-sp-smc.psp8":-0.0480387618},"normal_b0_GPa_abserr":{"Mn-sp-high.psp8":0.1192688727,"Mn-sp.psp8":-0.4584895556,"Mn-sp-smc.psp8":-0.5735476146},"low_b0_GPa_rerr":{"Mn-sp-high.psp8":0.0435139395,"Mn-sp.psp8":-1.491816045,"Mn-sp-smc.psp8":-0.0395090795},"normal_b0_GPa_rerr":{"Mn-sp-high.psp8":0.099427867,"Mn-sp.psp8":-0.3788298308,"Mn-sp-smc.psp8":-0.4717094582},"low_b1_abserr":{"Mn-sp-high.psp8":-0.1225336813,"Mn-sp.psp8":0.1573183542,"Mn-sp-smc.psp8":-0.1294526521},"normal_b1_abserr":{"Mn-sp-high.psp8":-0.0481074517,"Mn-sp.psp8":-0.0319129,"Mn-sp-smc.psp8":0.1658888103},"low_b1_rerr":{"Mn-sp-high.psp8":-3.717141648,"Mn-sp.psp8":4.9753028076,"Mn-sp-smc.psp8":-3.4277380134},"normal_b1_rerr":{"Mn-sp-high.psp8":-1.4593719076,"Mn-sp.psp8":-1.0092677484,"Mn-sp-smc.psp8":4.3925201392},"low_abs_fcc":{"Mn-sp-high.psp8":0.0408345427,"Mn-sp.psp8":0.0816478108,"Mn-sp-smc.psp8":0.0511294547},"low_abs_bcc":{"Mn-sp-high.psp8":0.0472207711,"Mn-sp.psp8":0.0658013097,"Mn-sp-smc.psp8":0.0538654386},"normal_abs_fcc":{"Mn-sp-high.psp8":0.0379576128,"Mn-sp.psp8":0.0613326303,"Mn-sp-smc.psp8":0.0379386572},"normal_abs_bcc":{"Mn-sp-high.psp8":0.0477549838,"Mn-sp.psp8":0.0697355923,"Mn-sp-smc.psp8":0.0438259278},"high_abs_fcc":{"Mn-sp-high.psp8":0.0382520205,"Mn-sp.psp8":0.0463510446,"Mn-sp-smc.psp8":0.0381197642},"high_abs_bcc":{"Mn-sp-high.psp8":0.0464377583,"Mn-sp.psp8":0.0555042063,"Mn-sp-smc.psp8":0.0438326542}}