{
    # This entry in the dictionary gives the convergence of the different l-channels.
    # We have a list of lmax+1 functions (lmax=1 in this case). Each function
    # has a list of energies (x-values in  Hartree), a list of values (y-values in Ha)
    # and a angular momentum l
    "ene_vs_ecut": [
        {
            "energies": [
                23.189233999999999, 
                29.401599999999998, 
                34.278221000000002, 
                40.312432999999999
            ], 
            "values": [
                0.01, 
                0.001, 
                0.0001, 
                1.0000000000000001e-05
            ], 
            "l": 0
        }, 
        {
            "energies": [
                4.1624059999999998, 
                12.462676, 
                24.324594000000001, 
                34.175030999999997
            ], 
            "values": [
                0.01, 
                0.001, 
                0.0001, 
                1.0000000000000001e-05
            ], 
            "l": 1
        }
    ], 
    # Radial wavefunctions grouped in two lists AE and PS
    # Insides AE (PS) we have a list of radial wavefunction objects
    # Each radial wavefunctions has a rmesh (xvalues in Bohr) and a list with 
    # the values (y-axis). "n" and "l" are the quantum numbers associated
    # to the radial wavefunction.
    "radial_wfs": {
        "ps": [
            {
                "rmesh": [
                    0.009972, 
                    0.010090999999999999, 
                    0.010212000000000001, 
                    0.010335, 
                    0.010459
                ], 
                "n": 1, 
                "values": [
                    0.043145999999999997, 
                    0.043663, 
                    0.044186999999999997, 
                    0.044717, 
                    0.045253000000000002
                ], 
                "name": "n=1, l=0", 
                "l": 0
            }, 
            {
                "rmesh": [
                    0.009972, 
                    0.010090999999999999, 
                    0.010212000000000001, 
                    0.010335, 
                    0.010459
                ], 
                "n": 2, 
                "values": [
                    7.8999999999999996e-05, 
                    8.1000000000000004e-05, 
                    8.2999999999999998e-05, 
                    8.5000000000000006e-05, 
                    8.7000000000000001e-05
                ], 
                "name": "n=2, l=1", 
                "l": 1
            }, 
            {
                "rmesh": [
                    0.009972, 
                    0.010090999999999999, 
                    0.010212000000000001, 
                    0.010335, 
                    0.010459
                ], 
                "n": 2, 
                "values": [
                    -0.0081370000000000001, 
                    -0.008234, 
                    -0.0083330000000000001, 
                    -0.0084329999999999995, 
                    -0.0085339999999999999
                ], 
                "name": "n=2, l=0", 
                "l": 0
            }
        ], 
        "ae": [
            {
                "rmesh": [
                    0.009972, 
                    0.010090999999999999, 
                    0.010212000000000001, 
                    0.010335, 
                    0.010459
                ], 
                "n": 1, 
                "values": [
                    0.090136999999999995, 
                    0.091186000000000003, 
                    0.092245999999999995, 
                    0.093317999999999998, 
                    0.094402
                ], 
                "name": "n=1, l=0", 
                "l": 0
            }, 
            {
                "rmesh": [
                    0.009972, 
                    0.010090999999999999, 
                    0.010212000000000001, 
                    0.010335, 
                    0.010459
                ], 
                "n": 2, 
                "values": [
                    0.000113, 
                    0.000116, 
                    0.000118, 
                    0.000121, 
                    0.00012400000000000001
                ], 
                "name": "n=2, l=1", 
                "l": 1
            }, 
            {
                "rmesh": [
                    0.009972, 
                    0.010090999999999999, 
                    0.010212000000000001, 
                    0.010335, 
                    0.010459
                ], 
                "n": 2, 
                "values": [
                    -0.015814000000000002, 
                    -0.015997999999999998, 
                    -0.016184, 
                    -0.016372000000000001, 
                    -0.016562
                ], 
                "name": "n=2, l=0", 
                "l": 0
            }
        ]
    }, 
    # Dictionary of densities. Each density has a rmesh (x-axis in Bohr) and 
    # a list of values (y-axis). The keyword gives the name of the density
    # for plotting purposes.
    "densities": {
        "rhoC": {
            "rmesh": [
                0.0099716000000000006, 
                0.010091299999999999, 
                0.010212300000000001, 
                0.010334899999999999, 
                0.0104589
            ], 
            "values": [
                0.0, 
                0.0, 
                0.0, 
                0.0, 
                0.0
            ], 
            "name": "Core charge"
        }, 
        "rhoV": {
            "rmesh": [
                0.0099716000000000006, 
                0.010091299999999999, 
                0.010212300000000001, 
                0.010334899999999999, 
                0.0104589
            ], 
            "values": [
                38.1094455, 
                38.1090102, 
                38.108564399999999, 
                38.108107799999999, 
                38.1076403
            ], 
            "name": "Valence charge"
        }, 
        "rhoM": {
            "rmesh": [
                0.0099716000000000006, 
                0.010091299999999999, 
                0.010212300000000001, 
                0.010334899999999999, 
                0.0104589
            ], 
            "values": [
                0.0, 
                0.0, 
                0.0, 
                0.0, 
                0.0
            ], 
            "name": "Model charge"
        }
    }, 
    "nvalence": "2", 
    # List of projectors. A projector is similar to a radial wavefunctions 
    # except for the fact that here we don't have to distinguish between AE and PS quantities.
    "projectors": [
        {
            "rmesh": [
                0.009972, 
                0.010090999999999999, 
                0.010212000000000001, 
                0.010335, 
                0.010459
            ], 
            "n": 1, 
            "values": [
                0.043140999999999999, 
                0.043659000000000003, 
                0.044181999999999999, 
                0.044712000000000002, 
                0.045247999999999997
            ], 
            "name": "n=1, l=0", 
            "l": 0
        }, 
        {
            "rmesh": [
                0.009972, 
                0.010090999999999999, 
                0.010212000000000001, 
                0.010335, 
                0.010459
            ], 
            "n": 2, 
            "values": [
                -0.0081359999999999991, 
                -0.0082330000000000007, 
                -0.0083320000000000009, 
                -0.0084320000000000003, 
                -0.0085330000000000007
            ], 
            "name": "n=2, l=0", 
            "l": 0
        }, 
        {
            "rmesh": [
                0.009972, 
                0.010090999999999999, 
                0.010212000000000001, 
                0.010335, 
                0.010459
            ],