{"Z":{"Cr-sp-high.psp8":24,"Cr-sp.psp8":24},"high_b0_GPa":{"Cr-sp-high.psp8":171.9008011765,"Cr-sp.psp8":143.7965569028},"high_b1":{"Cr-sp-high.psp8":6.585956944,"Cr-sp.psp8":6.8379384349},"high_dfact_meV":{"Cr-sp-high.psp8":1.0962737021,"Cr-sp.psp8":10.4867098826},"high_dfactprime_meV":{"Cr-sp-high.psp8":1.6211083652,"Cr-sp.psp8":18.1184338354},"high_ecut":{"Cr-sp-high.psp8":60.0,"Cr-sp.psp8":55.0},"high_ecut_deltafactor":{"Cr-sp-high.psp8":60.0,"Cr-sp.psp8":55.0},"high_ecut_gbrv_bcc":{"Cr-sp-high.psp8":60.0,"Cr-sp.psp8":55.0},"high_ecut_gbrv_fcc":{"Cr-sp-high.psp8":60.0,"Cr-sp.psp8":55.0},"high_ecut_hint":{"Cr-sp-high.psp8":60.0,"Cr-sp.psp8":55.0},"high_ecut_phonon":{"Cr-sp-high.psp8":60.0,"Cr-sp.psp8":55.0},"high_gbrv_bcc_a0_rel_err":{"Cr-sp-high.psp8":-0.125762269,"Cr-sp.psp8":-0.071756625},"high_gbrv_fcc_a0_rel_err":{"Cr-sp-high.psp8":-0.0719162234,"Cr-sp.psp8":-0.0224806296},"high_phonon":{"Cr-sp-high.psp8":[0.0,0.0,0.0,16.7851380487,16.7851380487,16.7851380487],"Cr-sp.psp8":[0.0,0.0,0.0,15.6199629186,15.6199629186,15.6199629186]},"high_v0":{"Cr-sp-high.psp8":11.8018557818,"Cr-sp.psp8":12.0751175241},"low_b0_GPa":{"Cr-sp-high.psp8":172.396328213,"Cr-sp.psp8":143.4150498867},"low_b1":{"Cr-sp-high.psp8":6.7601642869,"Cr-sp.psp8":6.9734688795},"low_dfact_meV":{"Cr-sp-high.psp8":0.9034584459,"Cr-sp.psp8":10.355268056},"low_dfactprime_meV":{"Cr-sp-high.psp8":1.3329274245,"Cr-sp.psp8":17.9448814257},"low_ecut":{"Cr-sp-high.psp8":54.0,"Cr-sp.psp8":43.0},"low_ecut_deltafactor":{"Cr-sp-high.psp8":54.0,"Cr-sp.psp8":43.0},"low_ecut_gbrv_bcc":{"Cr-sp-high.psp8":54.0,"Cr-sp.psp8":43.0},"low_ecut_gbrv_fcc":{"Cr-sp-high.psp8":54.0,"Cr-sp.psp8":43.0},"low_ecut_hint":{"Cr-sp-high.psp8":54.0,"Cr-sp.psp8":43.0},"low_ecut_phonon":{"Cr-sp-high.psp8":54.0,"Cr-sp.psp8":43.0},"low_gbrv_bcc_a0_rel_err":{"Cr-sp-high.psp8":-0.1392854424,"Cr-sp.psp8":-0.0828283021},"low_gbrv_fcc_a0_rel_err":{"Cr-sp-high.psp8":-0.0837723043,"Cr-sp.psp8":-0.0236247347},"low_phonon":{"Cr-sp-high.psp8":[0.0,0.0,0.0,16.7683758362,16.7683758362,16.7683758362],"Cr-sp.psp8":[0.0,0.0,0.0,15.4527516859,15.4527516859,15.4527516859]},"low_v0":{"Cr-sp-high.psp8":11.7949178842,"Cr-sp.psp8":12.0711119843},"normal_b0_GPa":{"Cr-sp-high.psp8":171.7599459987,"Cr-sp.psp8":143.4830824533},"normal_b1":{"Cr-sp-high.psp8":6.6030011144,"Cr-sp.psp8":6.8902392148},"normal_dfact_meV":{"Cr-sp-high.psp8":1.0414094688,"Cr-sp.psp8":10.4642296042},"normal_dfactprime_meV":{"Cr-sp-high.psp8":1.5415051865,"Cr-sp.psp8":18.1199485739},"normal_ecut":{"Cr-sp-high.psp8":56.0,"Cr-sp.psp8":45.0},"normal_ecut_deltafactor":{"Cr-sp-high.psp8":56.0,"Cr-sp.psp8":45.0},"normal_ecut_gbrv_bcc":{"Cr-sp-high.psp8":56.0,"Cr-sp.psp8":45.0},"normal_ecut_gbrv_fcc":{"Cr-sp-high.psp8":56.0,"Cr-sp.psp8":45.0},"normal_ecut_hint":{"Cr-sp-high.psp8":56.0,"Cr-sp.psp8":45.0},"normal_ecut_phonon":{"Cr-sp-high.psp8":64.0,"Cr-sp.psp8":45.0},"normal_gbrv_bcc_a0_rel_err":{"Cr-sp-high.psp8":-0.1248743793,"Cr-sp.psp8":-0.0744958285},"normal_gbrv_fcc_a0_rel_err":{"Cr-sp-high.psp8":-0.0677760889,"Cr-sp.psp8":-0.02094511},"normal_phonon":{"Cr-sp-high.psp8":[0.0,0.0,0.0,16.8009723529,16.8009723529,16.8009723529],"Cr-sp.psp8":[0.0,0.0,0.0,15.5588924098,15.5588924098,15.5588924098]},"normal_v0":{"Cr-sp-high.psp8":11.7998338356,"Cr-sp.psp8":12.0745472735},"symbol":{"Cr-sp-high.psp8":"Cr","Cr-sp.psp8":"Cr"},"low_dfact_abserr":{"Cr-sp-high.psp8":-0.1928152562,"Cr-sp.psp8":-0.1314418266},"normal_dfact_abserr":{"Cr-sp-high.psp8":-0.0548642333,"Cr-sp.psp8":-0.0224802784},"low_dfact_rerr":{"Cr-sp-high.psp8":-17.5882405844,"Cr-sp.psp8":-1.2534133971},"normal_dfact_rerr":{"Cr-sp-high.psp8":-5.0046109102,"Cr-sp.psp8":-0.2143692224},"low_v0_abserr":{"Cr-sp-high.psp8":-0.0069378976,"Cr-sp.psp8":-0.0040055398},"normal_v0_abserr":{"Cr-sp-high.psp8":-0.0020219461,"Cr-sp.psp8":-0.0005702506},"low_v0_rerr":{"Cr-sp-high.psp8":-0.058786497,"Cr-sp.psp8":-0.0331718497},"normal_v0_rerr":{"Cr-sp-high.psp8":-0.0171324424,"Cr-sp.psp8":-0.0047225267},"low_b0_GPa_abserr":{"Cr-sp-high.psp8":0.4955270365,"Cr-sp.psp8":-0.3815070161},"normal_b0_GPa_abserr":{"Cr-sp-high.psp8":-0.1408551778,"Cr-sp.psp8":-0.3134744496},"low_b0_GPa_rerr":{"Cr-sp-high.psp8":0.2882633665,"Cr-sp.psp8":-0.265310258},"normal_b0_GPa_rerr":{"Cr-sp-high.psp8":-0.081939803,"Cr-sp.psp8":-0.2179985782},"low_b1_abserr":{"Cr-sp-high.psp8":0.174207343,"Cr-sp.psp8":0.1355304446},"normal_b1_abserr":{"Cr-sp-high.psp8":0.0170441705,"Cr-sp.psp8":0.0523007799},"low_b1_rerr":{"Cr-sp-high.psp8":2.645133341,"Cr-sp.psp8":1.9820366311},"normal_b1_rerr":{"Cr-sp-high.psp8":0.2587956558,"Cr-sp.psp8":0.7648618135},"low_abs_fcc":{"Cr-sp-high.psp8":0.0837723043,"Cr-sp.psp8":0.0236247347},"low_abs_bcc":{"Cr-sp-high.psp8":0.1392854424,"Cr-sp.psp8":0.0828283021},"normal_abs_fcc":{"Cr-sp-high.psp8":0.0677760889,"Cr-sp.psp8":0.02094511},"normal_abs_bcc":{"Cr-sp-high.psp8":0.1248743793,"Cr-sp.psp8":0.0744958285},"high_abs_fcc":{"Cr-sp-high.psp8":0.0719162234,"Cr-sp.psp8":0.0224806296},"high_abs_bcc":{"Cr-sp-high.psp8":0.125762269,"Cr-sp.psp8":0.071756625}}